"epoch","LR[K=229]-ResNet101-CIFAR10 - _step","LR[K=229]-ResNet101-CIFAR10 - _step__MIN","LR[K=229]-ResNet101-CIFAR10 - _step__MAX","LR[K=229]-ResNet101-CIFAR10 - best_val_accuracy","LR[K=229]-ResNet101-CIFAR10 - best_val_accuracy__MIN","LR[K=229]-ResNet101-CIFAR10 - best_val_accuracy__MAX","LR[K=150]-ResNet101-CIFAR10 - _step","LR[K=150]-ResNet101-CIFAR10 - _step__MIN","LR[K=150]-ResNet101-CIFAR10 - _step__MAX","LR[K=150]-ResNet101-CIFAR10 - best_val_accuracy","LR[K=150]-ResNet101-CIFAR10 - best_val_accuracy__MIN","LR[K=150]-ResNet101-CIFAR10 - best_val_accuracy__MAX","MLconv[R=200]-ResNet101-CIFAR10 - _step","MLconv[R=200]-ResNet101-CIFAR10 - _step__MIN","MLconv[R=200]-ResNet101-CIFAR10 - _step__MAX","MLconv[R=200]-ResNet101-CIFAR10 - best_val_accuracy","MLconv[R=200]-ResNet101-CIFAR10 - best_val_accuracy__MIN","MLconv[R=200]-ResNet101-CIFAR10 - best_val_accuracy__MAX","MTL[T=15]-ResNet101-CIFAR10 - _step","MTL[T=15]-ResNet101-CIFAR10 - _step__MIN","MTL[T=15]-ResNet101-CIFAR10 - _step__MAX","MTL[T=15]-ResNet101-CIFAR10 - best_val_accuracy","MTL[T=15]-ResNet101-CIFAR10 - best_val_accuracy__MIN","MTL[T=15]-ResNet101-CIFAR10 - best_val_accuracy__MAX","LR[K=300]-ResNet101-CIFAR10 - _step","LR[K=300]-ResNet101-CIFAR10 - _step__MIN","LR[K=300]-ResNet101-CIFAR10 - _step__MAX","LR[K=300]-ResNet101-CIFAR10 - best_val_accuracy","LR[K=300]-ResNet101-CIFAR10 - best_val_accuracy__MIN","LR[K=300]-ResNet101-CIFAR10 - best_val_accuracy__MAX","LR[K=260]-ResNet101-CIFAR10 - _step","LR[K=260]-ResNet101-CIFAR10 - _step__MIN","LR[K=260]-ResNet101-CIFAR10 - _step__MAX","LR[K=260]-ResNet101-CIFAR10 - best_val_accuracy","LR[K=260]-ResNet101-CIFAR10 - best_val_accuracy__MIN","LR[K=260]-ResNet101-CIFAR10 - best_val_accuracy__MAX","MLconv[R=400]-ResNet101-CIFAR10 - _step","MLconv[R=400]-ResNet101-CIFAR10 - _step__MIN","MLconv[R=400]-ResNet101-CIFAR10 - _step__MAX","MLconv[R=400]-ResNet101-CIFAR10 - best_val_accuracy","MLconv[R=400]-ResNet101-CIFAR10 - best_val_accuracy__MIN","MLconv[R=400]-ResNet101-CIFAR10 - best_val_accuracy__MAX","MTL[T=3]-ResNet101-CIFAR10 - _step","MTL[T=3]-ResNet101-CIFAR10 - _step__MIN","MTL[T=3]-ResNet101-CIFAR10 - _step__MAX","MTL[T=3]-ResNet101-CIFAR10 - best_val_accuracy","MTL[T=3]-ResNet101-CIFAR10 - best_val_accuracy__MIN","MTL[T=3]-ResNet101-CIFAR10 - best_val_accuracy__MAX","MLconv[R=100]-ResNet101-CIFAR10 - _step","MLconv[R=100]-ResNet101-CIFAR10 - _step__MIN","MLconv[R=100]-ResNet101-CIFAR10 - _step__MAX","MLconv[R=100]-ResNet101-CIFAR10 - best_val_accuracy","MLconv[R=100]-ResNet101-CIFAR10 - best_val_accuracy__MIN","MLconv[R=100]-ResNet101-CIFAR10 - best_val_accuracy__MAX","ResNet101-CIFAR10 - _step","ResNet101-CIFAR10 - _step__MIN","ResNet101-CIFAR10 - _step__MAX","ResNet101-CIFAR10 - best_val_accuracy","ResNet101-CIFAR10 - best_val_accuracy__MIN","ResNet101-CIFAR10 - best_val_accuracy__MAX","LR[K=75]-ResNet101-CIFAR10 - _step","LR[K=75]-ResNet101-CIFAR10 - _step__MIN","LR[K=75]-ResNet101-CIFAR10 - _step__MAX","LR[K=75]-ResNet101-CIFAR10 - best_val_accuracy","LR[K=75]-ResNet101-CIFAR10 - best_val_accuracy__MIN","LR[K=75]-ResNet101-CIFAR10 - best_val_accuracy__MAX","MLconv[R=345]-ResNet101-CIFAR10 - _step","MLconv[R=345]-ResNet101-CIFAR10 - _step__MIN","MLconv[R=345]-ResNet101-CIFAR10 - _step__MAX","MLconv[R=345]-ResNet101-CIFAR10 - best_val_accuracy","MLconv[R=345]-ResNet101-CIFAR10 - best_val_accuracy__MIN","MLconv[R=345]-ResNet101-CIFAR10 - best_val_accuracy__MAX","MLconv[R=300]-ResNet101-CIFAR10 - _step","MLconv[R=300]-ResNet101-CIFAR10 - _step__MIN","MLconv[R=300]-ResNet101-CIFAR10 - _step__MAX","MLconv[R=300]-ResNet101-CIFAR10 - best_val_accuracy","MLconv[R=300]-ResNet101-CIFAR10 - best_val_accuracy__MIN","MLconv[R=300]-ResNet101-CIFAR10 - best_val_accuracy__MAX","MTL[T=42]-ResNet101-CIFAR10 - _step","MTL[T=42]-ResNet101-CIFAR10 - _step__MIN","MTL[T=42]-ResNet101-CIFAR10 - _step__MAX","MTL[T=42]-ResNet101-CIFAR10 - best_val_accuracy","MTL[T=42]-ResNet101-CIFAR10 - best_val_accuracy__MIN","MTL[T=42]-ResNet101-CIFAR10 - best_val_accuracy__MAX"
"1","2","2","2","11.46","11.46","11.46","2","2","2","17.52","17.52","17.52","2","2","2","19.04","19.04","19.04","2","2","2","19.44","19.44","19.44","2","2","2","19.41","19.41","19.41","2","2","2","10.3","10.3","10.3","2","2","2","17.97","17.97","17.97","2","2","2","10.29","10.29","10.29","2","2","2","10.53","10.53","10.53","2","2","2","20.95","20.95","20.95","2","2","2","19.56","19.56","19.56","2","2","2","20.88","20.88","20.88","2","2","2","20.91","20.91","20.91","2","2","2","23.41","23.41","23.41"
"2","4","4","4","20.54","20.54","20.54","4","4","4","24.88","24.88","24.88","4","4","4","23.97","23.97","23.97","4","4","4","24.79","24.79","24.79","4","4","4","17.16","17.16","17.16","4","4","4","22.67","22.67","22.67","4","4","4","16.8","16.8","16.8","4","4","4","29.6","29.6","29.6","4","4","4","20.19","20.19","20.19","4","4","4","31.65","31.65","31.65","4","4","4","19.56","19.56","19.56","4","4","4","22.85","22.85","22.85","4","4","4","25.17","25.17","25.17","4","4","4","39.7","39.7","39.7"
"3","6","6","6","20.54","20.54","20.54","6","6","6","22.68","22.68","22.68","6","6","6","30.84","30.84","30.84","6","6","6","33.17","33.17","33.17","6","6","6","25.9","25.9","25.9","6","6","6","27","27","27","6","6","6","22.72","22.72","22.72","6","6","6","33.73","33.73","33.73","6","6","6","26.3","26.3","26.3","6","6","6","36.25","36.25","36.25","6","6","6","26.28","26.28","26.28","6","6","6","26.12","26.12","26.12","6","6","6","33.61","33.61","33.61","6","6","6","46.55","46.55","46.55"
"4","8","8","8","26.41","26.41","26.41","8","8","8","31.09","31.09","31.09","8","8","8","38.53","38.53","38.53","8","8","8","43.29","43.29","43.29","8","8","8","29.39","29.39","29.39","8","8","8","27","27","27","8","8","8","31.99","31.99","31.99","8","8","8","39.83","39.83","39.83","8","8","8","36.62","36.62","36.62","8","8","8","41.02","41.02","41.02","8","8","8","30.96","30.96","30.96","8","8","8","29.01","29.01","29.01","8","8","8","38.11","38.11","38.11","8","8","8","50.52","50.52","50.52"
"5","10","10","10","33.34","33.34","33.34","10","10","10","33.58","33.58","33.58","10","10","10","38.53","38.53","38.53","10","10","10","46.93","46.93","46.93","10","10","10","33.72","33.72","33.72","10","10","10","28.91","28.91","28.91","10","10","10","31.96","31.96","31.96","10","10","10","43.19","43.19","43.19","10","10","10","39.54","39.54","39.54","10","10","10","41.14","41.14","41.14","10","10","10","36.12","36.12","36.12","10","10","10","33.11","33.11","33.11","10","10","10","40.44","40.44","40.44","10","10","10","52.21","52.21","52.21"
"6","12","12","12","39.11","39.11","39.11","12","12","12","36.37","36.37","36.37","12","12","12","38.53","38.53","38.53","12","12","12","48.99","48.99","48.99","12","12","12","33.72","33.72","33.72","12","12","12","32.47","32.47","32.47","12","12","12","35.69","35.69","35.69","12","12","12","47.17","47.17","47.17","12","12","12","44.08","44.08","44.08","12","12","12","49.82","49.82","49.82","12","12","12","43.46","43.46","43.46","12","12","12","39.03","39.03","39.03","12","12","12","45.07","45.07","45.07","12","12","12","57.24","57.24","57.24"
"7","14","14","14","45.17","45.17","45.17","14","14","14","42.12","42.12","42.12","14","14","14","44.22","44.22","44.22","14","14","14","50.87","50.87","50.87","14","14","14","43.96","43.96","43.96","14","14","14","37.89","37.89","37.89","14","14","14","39.21","39.21","39.21","14","14","14","47.86","47.86","47.86","14","14","14","45.9","45.9","45.9","14","14","14","55.06","55.06","55.06","14","14","14","45.56","45.56","45.56","14","14","14","44.3","44.3","44.3","14","14","14","48.73","48.73","48.73","14","14","14","59.39","59.39","59.39"
"8","16","16","16","45.17","45.17","45.17","16","16","16","49.04","49.04","49.04","16","16","16","48.57","48.57","48.57","16","16","16","57.53","57.53","57.53","16","16","16","46.9","46.9","46.9","16","16","16","39.36","39.36","39.36","16","16","16","43.02","43.02","43.02","16","16","16","57.27","57.27","57.27","16","16","16","45.9","45.9","45.9","16","16","16","55.06","55.06","55.06","16","16","16","45.56","45.56","45.56","16","16","16","46.66","46.66","46.66","16","16","16","49.5","49.5","49.5","16","16","16","59.39","59.39","59.39"
"9","18","18","18","52.04","52.04","52.04","18","18","18","49.88","49.88","49.88","18","18","18","48.57","48.57","48.57","18","18","18","57.43","57.43","57.43","18","18","18","51.66","51.66","51.66","18","18","18","39.36","39.36","39.36","18","18","18","45.41","45.41","45.41","18","18","18","57.27","57.27","57.27","18","18","18","45.9","45.9","45.9","18","18","18","58.27","58.27","58.27","18","18","18","45.56","45.56","45.56","18","18","18","45.53","45.53","45.53","18","18","18","51.37","51.37","51.37","18","18","18","64.74","64.74","64.74"
"10","20","20","20","52.04","52.04","52.04","20","20","20","52.91","52.91","52.91","20","20","20","49.55","49.55","49.55","20","20","20","63.2","63.2","63.2","20","20","20","51.66","51.66","51.66","20","20","20","39.36","39.36","39.36","20","20","20","49.12","49.12","49.12","20","20","20","64.69","64.69","64.69","20","20","20","45.9","45.9","45.9","20","20","20","60.35","60.35","60.35","20","20","20","45.56","45.56","45.56","20","20","20","52.77","52.77","52.77","20","20","20","44.89","44.89","44.89","20","20","20","65.4","65.4","65.4"
"11","22","22","22","52.39","52.39","52.39","22","22","22","52.21","52.21","52.21","22","22","22","55.56","55.56","55.56","22","22","22","63.2","63.2","63.2","22","22","22","54.88","54.88","54.88","22","22","22","39.36","39.36","39.36","22","22","22","49.12","49.12","49.12","22","22","22","67.5","67.5","67.5","22","22","22","45.9","45.9","45.9","22","22","22","61.11","61.11","61.11","22","22","22","44.71","44.71","44.71","22","22","22","56.17","56.17","56.17","22","22","22","55.02","55.02","55.02","22","22","22","68.12","68.12","68.12"
"12","24","24","24","52.39","52.39","52.39","24","24","24","55.36","55.36","55.36","24","24","24","59.79","59.79","59.79","24","24","24","65.78","65.78","65.78","24","24","24","57.63","57.63","57.63","24","24","24","39.36","39.36","39.36","24","24","24","49.87","49.87","49.87","24","24","24","69.85","69.85","69.85","24","24","24","49.01","49.01","49.01","24","24","24","64.58","64.58","64.58","24","24","24","50.62","50.62","50.62","24","24","24","56.17","56.17","56.17","24","24","24","55.58","55.58","55.58","24","24","24","71.52","71.52","71.52"
"13","26","26","26","55.4","55.4","55.4","26","26","26","55.36","55.36","55.36","26","26","26","59.79","59.79","59.79","26","26","26","67.08","67.08","67.08","26","26","26","57.63","57.63","57.63","26","26","26","39.36","39.36","39.36","26","26","26","55.34","55.34","55.34","26","26","26","70.7","70.7","70.7","26","26","26","54.35","54.35","54.35","26","26","26","67.71","67.71","67.71","26","26","26","51.32","51.32","51.32","26","26","26","58.14","58.14","58.14","26","26","26","56.65","56.65","56.65","26","26","26","72.1","72.1","72.1"
"14","28","28","28","60.09","60.09","60.09","28","28","28","55.36","55.36","55.36","28","28","28","64.81","64.81","64.81","28","28","28","69.61","69.61","69.61","28","28","28","57.63","57.63","57.63","28","28","28","46.53","46.53","46.53","28","28","28","55.34","55.34","55.34","28","28","28","70.7","70.7","70.7","28","28","28","55.77","55.77","55.77","28","28","28","67.71","67.71","67.71","28","28","28","51.59","51.59","51.59","28","28","28","62.01","62.01","62.01","28","28","28","56.65","56.65","56.65","28","28","28","72.1","72.1","72.1"
"15","30","30","30","60.09","60.09","60.09","30","30","30","60.11","60.11","60.11","30","30","30","67.53","67.53","67.53","30","30","30","69.77","69.77","69.77","30","30","30","58.51","58.51","58.51","30","30","30","50.3","50.3","50.3","30","30","30","58.28","58.28","58.28","30","30","30","72.51","72.51","72.51","30","30","30","55.77","55.77","55.77","30","30","30","67.71","67.71","67.71","30","30","30","55.45","55.45","55.45","30","30","30","62.01","62.01","62.01","30","30","30","61.64","61.64","61.64","30","30","30","73.37","73.37","73.37"
"16","32","32","32","60.22","60.22","60.22","32","32","32","62.98","62.98","62.98","32","32","32","67.53","67.53","67.53","32","32","32","70.19","70.19","70.19","32","32","32","62.26","62.26","62.26","32","32","32","57.22","57.22","57.22","32","32","32","58.28","58.28","58.28","32","32","32","72.51","72.51","72.51","32","32","32","55.77","55.77","55.77","32","32","32","68.19","68.19","68.19","32","32","32","55.45","55.45","55.45","32","32","32","66.31","66.31","66.31","32","32","32","61.64","61.64","61.64","32","32","32","73.37","73.37","73.37"
"17","34","34","34","60.22","60.22","60.22","34","34","34","62.98","62.98","62.98","34","34","34","68.08","68.08","68.08","34","34","34","73.02","73.02","73.02","34","34","34","62.26","62.26","62.26","34","34","34","57.22","57.22","57.22","34","34","34","59.77","59.77","59.77","34","34","34","74.14","74.14","74.14","34","34","34","59.9","59.9","59.9","34","34","34","69.79","69.79","69.79","34","34","34","59.21","59.21","59.21","34","34","34","66.31","66.31","66.31","34","34","34","67.22","67.22","67.22","34","34","34","73.51","73.51","73.51"
"18","36","36","36","60.22","60.22","60.22","36","36","36","62.98","62.98","62.98","36","36","36","68.08","68.08","68.08","36","36","36","73.02","73.02","73.02","36","36","36","63.1","63.1","63.1","36","36","36","57.22","57.22","57.22","36","36","36","59.77","59.77","59.77","36","36","36","74.14","74.14","74.14","36","36","36","61.75","61.75","61.75","36","36","36","69.79","69.79","69.79","36","36","36","63.75","63.75","63.75","36","36","36","66.51","66.51","66.51","36","36","36","67.22","67.22","67.22","36","36","36","74.45","74.45","74.45"
"19","38","38","38","62.56","62.56","62.56","38","38","38","63.35","63.35","63.35","38","38","38","71.49","71.49","71.49","38","38","38","73.02","73.02","73.02","38","38","38","63.1","63.1","63.1","38","38","38","57.22","57.22","57.22","38","38","38","59.77","59.77","59.77","38","38","38","74.81","74.81","74.81","38","38","38","61.75","61.75","61.75","38","38","38","69.79","69.79","69.79","38","38","38","63.75","63.75","63.75","38","38","38","66.78","66.78","66.78","38","38","38","67.22","67.22","67.22","38","38","38","74.45","74.45","74.45"
"20","40","40","40","62.56","62.56","62.56","40","40","40","63.31","63.31","63.31","40","40","40","71.49","71.49","71.49","40","40","40","74.96","74.96","74.96","40","40","40","63.1","63.1","63.1","40","40","40","59.31","59.31","59.31","40","40","40","60.56","60.56","60.56","40","40","40","74.81","74.81","74.81","40","40","40","65.34","65.34","65.34","40","40","40","74.27","74.27","74.27","40","40","40","63.75","63.75","63.75","40","40","40","69.11","69.11","69.11","40","40","40","67.22","67.22","67.22","40","40","40","74.78","74.78","74.78"
"21","42","42","42","64.71","64.71","64.71","42","42","42","63.31","63.31","63.31","42","42","42","73.18","73.18","73.18","42","42","42","74.96","74.96","74.96","42","42","42","63.1","63.1","63.1","42","42","42","59.75","59.75","59.75","42","42","42","60.89","60.89","60.89","42","42","42","74.81","74.81","74.81","42","42","42","65.34","65.34","65.34","42","42","42","74.27","74.27","74.27","42","42","42","64.06","64.06","64.06","42","42","42","69.11","69.11","69.11","42","42","42","67.22","67.22","67.22","42","42","42","75.94","75.94","75.94"
"22","44","44","44","64.71","64.71","64.71","44","44","44","63.31","63.31","63.31","44","44","44","73.18","73.18","73.18","44","44","44","75.85","75.85","75.85","44","44","44","63.1","63.1","63.1","44","44","44","62.68","62.68","62.68","44","44","44","64.16","64.16","64.16","44","44","44","75.88","75.88","75.88","44","44","44","65.34","65.34","65.34","44","44","44","74.27","74.27","74.27","44","44","44","64.06","64.06","64.06","44","44","44","69.11","69.11","69.11","44","44","44","68.21","68.21","68.21","44","44","44","75.94","75.94","75.94"
"23","46","46","46","65.78","65.78","65.78","46","46","46","63.31","63.31","63.31","46","46","46","74.75","74.75","74.75","46","46","46","75.85","75.85","75.85","46","46","46","63.1","63.1","63.1","46","46","46","62.68","62.68","62.68","46","46","46","64.16","64.16","64.16","46","46","46","77.24","77.24","77.24","46","46","46","65.34","65.34","65.34","46","46","46","74.87","74.87","74.87","46","46","46","64.06","64.06","64.06","46","46","46","69.11","69.11","69.11","46","46","46","67.34","67.34","67.34","46","46","46","75.94","75.94","75.94"
"24","48","48","48","67.97","67.97","67.97","48","48","48","70.09","70.09","70.09","48","48","48","74.75","74.75","74.75","48","48","48","76.29","76.29","76.29","48","48","48","63.1","63.1","63.1","48","48","48","62.68","62.68","62.68","48","48","48","64.16","64.16","64.16","48","48","48","77.24","77.24","77.24","48","48","48","65.34","65.34","65.34","48","48","48","74.87","74.87","74.87","48","48","48","69","69","69","48","48","48","71.86","71.86","71.86","48","48","48","68.64","68.64","68.64","48","48","48","76.68","76.68","76.68"
"25","50","50","50","67.97","67.97","67.97","50","50","50","70.09","70.09","70.09","50","50","50","74.75","74.75","74.75","50","50","50","76.16","76.16","76.16","50","50","50","63.1","63.1","63.1","50","50","50","62.68","62.68","62.68","50","50","50","64.16","64.16","64.16","50","50","50","77.24","77.24","77.24","50","50","50","66.94","66.94","66.94","50","50","50","74.87","74.87","74.87","50","50","50","69","69","69","50","50","50","71.86","71.86","71.86","50","50","50","68.64","68.64","68.64","50","50","50","76.68","76.68","76.68"
"26","52","52","52","67.97","67.97","67.97","52","52","52","69.78","69.78","69.78","52","52","52","74.75","74.75","74.75","52","52","52","76.54","76.54","76.54","52","52","52","64.1","64.1","64.1","52","52","52","62.68","62.68","62.68","52","52","52","64.16","64.16","64.16","52","52","52","77.61","77.61","77.61","52","52","52","66.94","66.94","66.94","52","52","52","74.87","74.87","74.87","52","52","52","69","69","69","52","52","52","71.86","71.86","71.86","52","52","52","68.64","68.64","68.64","52","52","52","76.72","76.72","76.72"
"27","54","54","54","67.97","67.97","67.97","54","54","54","69.78","69.78","69.78","54","54","54","74.75","74.75","74.75","54","54","54","76.54","76.54","76.54","54","54","54","67.93","67.93","67.93","54","54","54","63.49","63.49","63.49","54","54","54","64.16","64.16","64.16","54","54","54","77.61","77.61","77.61","54","54","54","66.94","66.94","66.94","54","54","54","77.37","77.37","77.37","54","54","54","69","69","69","54","54","54","71.86","71.86","71.86","54","54","54","71.37","71.37","71.37","54","54","54","78.28","78.28","78.28"
"28","56","56","56","67.97","67.97","67.97","56","56","56","70.94","70.94","70.94","56","56","56","74.75","74.75","74.75","56","56","56","76.54","76.54","76.54","56","56","56","67.93","67.93","67.93","56","56","56","63.49","63.49","63.49","56","56","56","66.73","66.73","66.73","56","56","56","77.61","77.61","77.61","56","56","56","70.35","70.35","70.35","56","56","56","77.37","77.37","77.37","56","56","56","69","69","69","56","56","56","74.23","74.23","74.23","56","56","56","71.37","71.37","71.37","56","56","56","78.28","78.28","78.28"
"29","58","58","58","67.97","67.97","67.97","58","58","58","73.11","73.11","73.11","58","58","58","74.75","74.75","74.75","58","58","58","76.54","76.54","76.54","58","58","58","70.64","70.64","70.64","58","58","58","63.49","63.49","63.49","58","58","58","67.34","67.34","67.34","58","58","58","77.75","77.75","77.75","58","58","58","70.35","70.35","70.35","58","58","58","77.49","77.49","77.49","58","58","58","69","69","69","58","58","58","74.6","74.6","74.6","58","58","58","72.17","72.17","72.17","58","58","58","78.28","78.28","78.28"
"30","60","60","60","67.97","67.97","67.97","60","60","60","73.11","73.11","73.11","60","60","60","74.75","74.75","74.75","60","60","60","77.19","77.19","77.19","60","60","60","70.32","70.32","70.32","60","60","60","63.49","63.49","63.49","60","60","60","68.46","68.46","68.46","60","60","60","77.75","77.75","77.75","60","60","60","72.87","72.87","72.87","60","60","60","77.49","77.49","77.49","60","60","60","70.72","70.72","70.72","60","60","60","74.6","74.6","74.6","60","60","60","72.17","72.17","72.17","60","60","60","78.28","78.28","78.28"
"31","62","62","62","69.83","69.83","69.83","62","62","62","73.11","73.11","73.11","62","62","62","74.75","74.75","74.75","62","62","62","77.19","77.19","77.19","62","62","62","70.32","70.32","70.32","62","62","62","66.54","66.54","66.54","62","62","62","68.46","68.46","68.46","62","62","62","77.75","77.75","77.75","62","62","62","73.31","73.31","73.31","62","62","62","77.49","77.49","77.49","62","62","62","70.72","70.72","70.72","62","62","62","74.6","74.6","74.6","62","62","62","72.17","72.17","72.17","62","62","62","78.28","78.28","78.28"
"32","64","64","64","72.12","72.12","72.12","64","64","64","73.11","73.11","73.11","64","64","64","75.44","75.44","75.44","64","64","64","77.53","77.53","77.53","64","64","64","70.32","70.32","70.32","64","64","64","66.54","66.54","66.54","64","64","64","68.46","68.46","68.46","64","64","64","77.75","77.75","77.75","64","64","64","73.31","73.31","73.31","64","64","64","77.49","77.49","77.49","64","64","64","70.73","70.73","70.73","64","64","64","74.6","74.6","74.6","64","64","64","72.17","72.17","72.17","64","64","64","79.04","79.04","79.04"
"33","66","66","66","72.12","72.12","72.12","66","66","66","73.11","73.11","73.11","66","66","66","75.44","75.44","75.44","66","66","66","77.53","77.53","77.53","66","66","66","70.32","70.32","70.32","66","66","66","66.54","66.54","66.54","66","66","66","71.04","71.04","71.04","66","66","66","77.75","77.75","77.75","66","66","66","73.31","73.31","73.31","66","66","66","77.49","77.49","77.49","66","66","66","71.87","71.87","71.87","66","66","66","74.6","74.6","74.6","66","66","66","73.31","73.31","73.31","66","66","66","79.04","79.04","79.04"
"34","68","68","68","72.12","72.12","72.12","68","68","68","73.11","73.11","73.11","68","68","68","75.44","75.44","75.44","68","68","68","78.42","78.42","78.42","68","68","68","70.32","70.32","70.32","68","68","68","66.54","66.54","66.54","68","68","68","71.1","71.1","71.1","68","68","68","78.18","78.18","78.18","68","68","68","72.97","72.97","72.97","68","68","68","77.49","77.49","77.49","68","68","68","71.87","71.87","71.87","68","68","68","74.6","74.6","74.6","68","68","68","73.31","73.31","73.31","68","68","68","79.04","79.04","79.04"
"35","70","70","70","72.12","72.12","72.12","70","70","70","73.11","73.11","73.11","70","70","70","75.44","75.44","75.44","70","70","70","78.42","78.42","78.42","70","70","70","70.32","70.32","70.32","70","70","70","67.46","67.46","67.46","70","70","70","73.96","73.96","73.96","70","70","70","78.18","78.18","78.18","70","70","70","74.94","74.94","74.94","70","70","70","78.33","78.33","78.33","70","70","70","71.87","71.87","71.87","70","70","70","74.6","74.6","74.6","70","70","70","76.44","76.44","76.44","70","70","70","79.04","79.04","79.04"
"36","72","72","72","72.12","72.12","72.12","72","72","72","73.11","73.11","73.11","72","72","72","76.36","76.36","76.36","72","72","72","78.42","78.42","78.42","72","72","72","70.32","70.32","70.32","72","72","72","69.91","69.91","69.91","72","72","72","73.96","73.96","73.96","72","72","72","80.03","80.03","80.03","72","72","72","74.94","74.94","74.94","72","72","72","78.33","78.33","78.33","72","72","72","73.94","73.94","73.94","72","72","72","74.6","74.6","74.6","72","72","72","76.44","76.44","76.44","72","72","72","79.04","79.04","79.04"
"37","74","74","74","72.12","72.12","72.12","74","74","74","73.11","73.11","73.11","74","74","74","76.08","76.08","76.08","74","74","74","80.08","80.08","80.08","74","74","74","70.32","70.32","70.32","74","74","74","69.91","69.91","69.91","74","74","74","73.96","73.96","73.96","74","74","74","80.37","80.37","80.37","74","74","74","75.18","75.18","75.18","74","74","74","78.88","78.88","78.88","74","74","74","73.94","73.94","73.94","74","74","74","74.6","74.6","74.6","74","74","74","76.44","76.44","76.44","74","74","74","79.04","79.04","79.04"
"38","76","76","76","73.33","73.33","73.33","76","76","76","73.58","73.58","73.58","76","76","76","76.08","76.08","76.08","76","76","76","80.08","80.08","80.08","76","76","76","70.32","70.32","70.32","76","76","76","69.91","69.91","69.91","76","76","76","73.96","73.96","73.96","76","76","76","80.37","80.37","80.37","76","76","76","75.18","75.18","75.18","76","76","76","79.92","79.92","79.92","76","76","76","73.94","73.94","73.94","76","76","76","78.71","78.71","78.71","76","76","76","76.44","76.44","76.44","76","76","76","79.74","79.74","79.74"
"39","78","78","78","73.33","73.33","73.33","78","78","78","73.58","73.58","73.58","78","78","78","76.08","76.08","76.08","78","78","78","80.08","80.08","80.08","78","78","78","70.32","70.32","70.32","78","78","78","69.91","69.91","69.91","78","78","78","75.08","75.08","75.08","78","78","78","80.37","80.37","80.37","78","78","78","75.73","75.73","75.73","78","78","78","79.92","79.92","79.92","78","78","78","73.94","73.94","73.94","78","78","78","78.71","78.71","78.71","78","78","78","76.62","76.62","76.62","78","78","78","79.86","79.86","79.86"
"40","80","80","80","72.66","72.66","72.66","80","80","80","73.58","73.58","73.58","80","80","80","76.08","76.08","76.08","80","80","80","80.08","80.08","80.08","80","80","80","70.32","70.32","70.32","80","80","80","69.91","69.91","69.91","80","80","80","75.08","75.08","75.08","80","80","80","80.37","80.37","80.37","80","80","80","75.73","75.73","75.73","80","80","80","79.92","79.92","79.92","80","80","80","73.94","73.94","73.94","80","80","80","78.71","78.71","78.71","80","80","80","76.62","76.62","76.62","80","80","80","80.48","80.48","80.48"
"41","82","82","82","72.66","72.66","72.66","82","82","82","73.58","73.58","73.58","82","82","82","76.4","76.4","76.4","82","82","82","80.08","80.08","80.08","82","82","82","70.54","70.54","70.54","82","82","82","69.91","69.91","69.91","82","82","82","75.44","75.44","75.44","82","82","82","80.37","80.37","80.37","82","82","82","75.73","75.73","75.73","82","82","82","79.92","79.92","79.92","82","82","82","73.94","73.94","73.94","82","82","82","78.71","78.71","78.71","82","82","82","76.62","76.62","76.62","82","82","82","80.48","80.48","80.48"
"42","84","84","84","72.66","72.66","72.66","84","84","84","73.58","73.58","73.58","84","84","84","76.4","76.4","76.4","84","84","84","80.17","80.17","80.17","84","84","84","70.54","70.54","70.54","84","84","84","71.97","71.97","71.97","84","84","84","75.44","75.44","75.44","84","84","84","80.74","80.74","80.74","84","84","84","75.73","75.73","75.73","84","84","84","79.92","79.92","79.92","84","84","84","73.94","73.94","73.94","84","84","84","78.71","78.71","78.71","84","84","84","76.62","76.62","76.62","84","84","84","80.48","80.48","80.48"
"43","86","86","86","72.66","72.66","72.66","86","86","86","73.58","73.58","73.58","86","86","86","78.07","78.07","78.07","86","86","86","80.17","80.17","80.17","86","86","86","74.75","74.75","74.75","86","86","86","71.97","71.97","71.97","86","86","86","75.44","75.44","75.44","86","86","86","81.3","81.3","81.3","86","86","86","76.4","76.4","76.4","86","86","86","79.92","79.92","79.92","86","86","86","74.03","74.03","74.03","86","86","86","78.71","78.71","78.71","86","86","86","76.62","76.62","76.62","86","86","86","80.48","80.48","80.48"
"44","88","88","88","72.66","72.66","72.66","88","88","88","73.58","73.58","73.58","88","88","88","78.07","78.07","78.07","88","88","88","80.71","80.71","80.71","88","88","88","74.75","74.75","74.75","88","88","88","71.97","71.97","71.97","88","88","88","75.44","75.44","75.44","88","88","88","81.3","81.3","81.3","88","88","88","76.4","76.4","76.4","88","88","88","79.92","79.92","79.92","88","88","88","75.11","75.11","75.11","88","88","88","78.71","78.71","78.71","88","88","88","76.62","76.62","76.62","88","88","88","81.23","81.23","81.23"
"45","90","90","90","72.66","72.66","72.66","90","90","90","76.43","76.43","76.43","90","90","90","78.65","78.65","78.65","90","90","90","80.71","80.71","80.71","90","90","90","74.75","74.75","74.75","90","90","90","71.97","71.97","71.97","90","90","90","76.39","76.39","76.39","90","90","90","81.3","81.3","81.3","90","90","90","77.47","77.47","77.47","90","90","90","79.92","79.92","79.92","90","90","90","75.11","75.11","75.11","90","90","90","78.71","78.71","78.71","90","90","90","76.62","76.62","76.62","90","90","90","81.23","81.23","81.23"
"46","92","92","92","73.72","73.72","73.72","92","92","92","77.2","77.2","77.2","92","92","92","78.65","78.65","78.65","92","92","92","80.71","80.71","80.71","92","92","92","74.75","74.75","74.75","92","92","92","71.97","71.97","71.97","92","92","92","76.39","76.39","76.39","92","92","92","81.3","81.3","81.3","92","92","92","77.47","77.47","77.47","92","92","92","79.92","79.92","79.92","92","92","92","75.11","75.11","75.11","92","92","92","78.71","78.71","78.71","92","92","92","76.62","76.62","76.62","92","92","92","81.23","81.23","81.23"
"47","94","94","94","73.72","73.72","73.72","94","94","94","77.2","77.2","77.2","94","94","94","78.65","78.65","78.65","94","94","94","80.71","80.71","80.71","94","94","94","74.75","74.75","74.75","94","94","94","71.71","71.71","71.71","94","94","94","77.41","77.41","77.41","94","94","94","81.3","81.3","81.3","94","94","94","77.47","77.47","77.47","94","94","94","79.92","79.92","79.92","94","94","94","75.11","75.11","75.11","94","94","94","78.71","78.71","78.71","94","94","94","78.69","78.69","78.69","94","94","94","81.23","81.23","81.23"
"48","96","96","96","73.72","73.72","73.72","96","96","96","77.2","77.2","77.2","96","96","96","78.65","78.65","78.65","96","96","96","80.71","80.71","80.71","96","96","96","74.75","74.75","74.75","96","96","96","71.71","71.71","71.71","96","96","96","77.41","77.41","77.41","96","96","96","81.3","81.3","81.3","96","96","96","77.47","77.47","77.47","96","96","96","79.92","79.92","79.92","96","96","96","75.11","75.11","75.11","96","96","96","78.71","78.71","78.71","96","96","96","78.69","78.69","78.69","96","96","96","81.23","81.23","81.23"
"49","98","98","98","73.72","73.72","73.72","98","98","98","77.2","77.2","77.2","98","98","98","80.01","80.01","80.01","98","98","98","80.71","80.71","80.71","98","98","98","74.75","74.75","74.75","98","98","98","71.71","71.71","71.71","98","98","98","77.41","77.41","77.41","98","98","98","81.3","81.3","81.3","98","98","98","77.47","77.47","77.47","98","98","98","80.75","80.75","80.75","98","98","98","75.11","75.11","75.11","98","98","98","78.71","78.71","78.71","98","98","98","78.69","78.69","78.69","98","98","98","81.23","81.23","81.23"
"50","100","100","100","75.09","75.09","75.09","100","100","100","77.2","77.2","77.2","100","100","100","80.01","80.01","80.01","100","100","100","80.71","80.71","80.71","100","100","100","74.75","74.75","74.75","100","100","100","71.71","71.71","71.71","100","100","100","77.41","77.41","77.41","100","100","100","81.3","81.3","81.3","100","100","100","77.47","77.47","77.47","100","100","100","80.75","80.75","80.75","100","100","100","75.11","75.11","75.11","100","100","100","78.71","78.71","78.71","100","100","100","78.69","78.69","78.69","100","100","100","81.23","81.23","81.23"
"51","102","102","102","75.09","75.09","75.09","102","102","102","77.2","77.2","77.2","102","102","102","80.01","80.01","80.01","102","102","102","81.09","81.09","81.09","102","102","102","74.75","74.75","74.75","102","102","102","73.01","73.01","73.01","102","102","102","77.41","77.41","77.41","102","102","102","81.3","81.3","81.3","102","102","102","77.47","77.47","77.47","102","102","102","80.75","80.75","80.75","102","102","102","75.11","75.11","75.11","102","102","102","78.71","78.71","78.71","102","102","102","78.69","78.69","78.69","102","102","102","81.23","81.23","81.23"
"52","104","104","104","75.09","75.09","75.09","104","104","104","77.2","77.2","77.2","104","104","104","80.01","80.01","80.01","104","104","104","81.09","81.09","81.09","104","104","104","74.75","74.75","74.75","104","104","104","73.01","73.01","73.01","104","104","104","77.41","77.41","77.41","104","104","104","81.3","81.3","81.3","104","104","104","77.47","77.47","77.47","104","104","104","80.75","80.75","80.75","104","104","104","75.11","75.11","75.11","104","104","104","78.71","78.71","78.71","104","104","104","78.69","78.69","78.69","104","104","104","81.9","81.9","81.9"
"53","106","106","106","75.09","75.09","75.09","106","106","106","77.2","77.2","77.2","106","106","106","80.01","80.01","80.01","106","106","106","81.09","81.09","81.09","106","106","106","74.75","74.75","74.75","106","106","106","73.01","73.01","73.01","106","106","106","77.41","77.41","77.41","106","106","106","81.3","81.3","81.3","106","106","106","77.47","77.47","77.47","106","106","106","80.75","80.75","80.75","106","106","106","77.55","77.55","77.55","106","106","106","78.71","78.71","78.71","106","106","106","78.69","78.69","78.69","106","106","106","81.9","81.9","81.9"
"54","108","108","108","75.09","75.09","75.09","108","108","108","77.2","77.2","77.2","108","108","108","80.09","80.09","80.09","108","108","108","80.88","80.88","80.88","108","108","108","74.75","74.75","74.75","108","108","108","73.01","73.01","73.01","108","108","108","77.41","77.41","77.41","108","108","108","81.3","81.3","81.3","108","108","108","77.47","77.47","77.47","108","108","108","80.75","80.75","80.75","108","108","108","77.55","77.55","77.55","108","108","108","78.71","78.71","78.71","108","108","108","78.69","78.69","78.69","108","108","108","81.9","81.9","81.9"
"55","110","110","110","75.09","75.09","75.09","110","110","110","77.2","77.2","77.2","110","110","110","80.09","80.09","80.09","110","110","110","80.88","80.88","80.88","110","110","110","74.75","74.75","74.75","110","110","110","73.01","73.01","73.01","110","110","110","77.41","77.41","77.41","110","110","110","82.5","82.5","82.5","110","110","110","77.47","77.47","77.47","110","110","110","80.75","80.75","80.75","110","110","110","77.55","77.55","77.55","110","110","110","78.71","78.71","78.71","110","110","110","79.57","79.57","79.57","110","110","110","81.9","81.9","81.9"
"56","112","112","112","75.09","75.09","75.09","112","112","112","77.2","77.2","77.2","112","112","112","79.35","79.35","79.35","112","112","112","80.88","80.88","80.88","112","112","112","74.75","74.75","74.75","112","112","112","73.01","73.01","73.01","112","112","112","77.41","77.41","77.41","112","112","112","82.5","82.5","82.5","112","112","112","77.51","77.51","77.51","112","112","112","80.75","80.75","80.75","112","112","112","77.55","77.55","77.55","112","112","112","78.71","78.71","78.71","112","112","112","79.57","79.57","79.57","112","112","112","81.9","81.9","81.9"
"57","114","114","114","75.09","75.09","75.09","114","114","114","77.2","77.2","77.2","114","114","114","79.22","79.22","79.22","114","114","114","80.88","80.88","80.88","114","114","114","74.75","74.75","74.75","114","114","114","73.01","73.01","73.01","114","114","114","77.74","77.74","77.74","114","114","114","82.5","82.5","82.5","114","114","114","77.51","77.51","77.51","114","114","114","80.75","80.75","80.75","114","114","114","77.96","77.96","77.96","114","114","114","78.71","78.71","78.71","114","114","114","79.57","79.57","79.57","114","114","114","81.9","81.9","81.9"
"58","116","116","116","75.09","75.09","75.09","116","116","116","77.2","77.2","77.2","116","116","116","79.22","79.22","79.22","116","116","116","81.34","81.34","81.34","116","116","116","74.75","74.75","74.75","116","116","116","73.01","73.01","73.01","116","116","116","77.74","77.74","77.74","116","116","116","82.5","82.5","82.5","116","116","116","78.87","78.87","78.87","116","116","116","80.75","80.75","80.75","116","116","116","77.96","77.96","77.96","116","116","116","78.71","78.71","78.71","116","116","116","79.57","79.57","79.57","116","116","116","81.9","81.9","81.9"
"59","118","118","118","75.09","75.09","75.09","118","118","118","77.2","77.2","77.2","118","118","118","79.22","79.22","79.22","118","118","118","81.34","81.34","81.34","118","118","118","74.75","74.75","74.75","118","118","118","73.01","73.01","73.01","118","118","118","77.74","77.74","77.74","118","118","118","82.5","82.5","82.5","118","118","118","78.87","78.87","78.87","118","118","118","80.75","80.75","80.75","118","118","118","77.96","77.96","77.96","118","118","118","78.71","78.71","78.71","118","118","118","79.57","79.57","79.57","118","118","118","81.9","81.9","81.9"
"60","120","120","120","75.09","75.09","75.09","120","120","120","77.2","77.2","77.2","120","120","120","79.22","79.22","79.22","120","120","120","81.34","81.34","81.34","120","120","120","74.75","74.75","74.75","120","120","120","73.01","73.01","73.01","120","120","120","77.74","77.74","77.74","120","120","120","82.5","82.5","82.5","120","120","120","78.87","78.87","78.87","120","120","120","80.75","80.75","80.75","120","120","120","77.96","77.96","77.96","120","120","120","78.71","78.71","78.71","120","120","120","79.57","79.57","79.57","120","120","120","81.9","81.9","81.9"
"61","122","122","122","75.09","75.09","75.09","122","122","122","77.2","77.2","77.2","122","122","122","79.22","79.22","79.22","122","122","122","81.34","81.34","81.34","122","122","122","74.75","74.75","74.75","122","122","122","73.01","73.01","73.01","122","122","122","77.74","77.74","77.74","122","122","122","82.5","82.5","82.5","122","122","122","78.87","78.87","78.87","122","122","122","80.75","80.75","80.75","122","122","122","77.96","77.96","77.96","122","122","122","78.71","78.71","78.71","122","122","122","79.57","79.57","79.57","122","122","122","81.9","81.9","81.9"
"62","124","124","124","75.09","75.09","75.09","124","124","124","77.2","77.2","77.2","124","124","124","79.22","79.22","79.22","124","124","124","81.34","81.34","81.34","124","124","124","74.75","74.75","74.75","124","124","124","73.01","73.01","73.01","124","124","124","77.74","77.74","77.74","124","124","124","82.5","82.5","82.5","124","124","124","80.5","80.5","80.5","124","124","124","80.75","80.75","80.75","124","124","124","77.96","77.96","77.96","124","124","124","78.71","78.71","78.71","124","124","124","79.57","79.57","79.57","124","124","124","81.9","81.9","81.9"
"63","126","126","126","75.09","75.09","75.09","126","126","126","77.2","77.2","77.2","126","126","126","79.38","79.38","79.38","126","126","126","81.94","81.94","81.94","126","126","126","74.75","74.75","74.75","126","126","126","73.01","73.01","73.01","126","126","126","77.74","77.74","77.74","126","126","126","82.5","82.5","82.5","126","126","126","80.5","80.5","80.5","126","126","126","80.75","80.75","80.75","126","126","126","77.96","77.96","77.96","126","126","126","78.71","78.71","78.71","126","126","126","79.57","79.57","79.57","126","126","126","81.9","81.9","81.9"
"64","128","128","128","75.26","75.26","75.26","128","128","128","77.2","77.2","77.2","128","128","128","79.38","79.38","79.38","128","128","128","81.94","81.94","81.94","128","128","128","74.75","74.75","74.75","128","128","128","71.13","71.13","71.13","128","128","128","77.74","77.74","77.74","128","128","128","82.5","82.5","82.5","128","128","128","80.5","80.5","80.5","128","128","128","80.75","80.75","80.75","128","128","128","77.96","77.96","77.96","128","128","128","78.71","78.71","78.71","128","128","128","79.57","79.57","79.57","128","128","128","81.9","81.9","81.9"
"65","130","130","130","75.26","75.26","75.26","130","130","130","77.2","77.2","77.2","130","130","130","79.3","79.3","79.3","130","130","130","81.94","81.94","81.94","130","130","130","75.64","75.64","75.64","130","130","130","71.13","71.13","71.13","130","130","130","77.94","77.94","77.94","130","130","130","82.5","82.5","82.5","130","130","130","80.5","80.5","80.5","130","130","130","80.75","80.75","80.75","130","130","130","77.96","77.96","77.96","130","130","130","78.71","78.71","78.71","130","130","130","79.57","79.57","79.57","130","130","130","81.9","81.9","81.9"
"66","132","132","132","76.82","76.82","76.82","132","132","132","77.2","77.2","77.2","132","132","132","79.3","79.3","79.3","132","132","132","81.94","81.94","81.94","132","132","132","75.64","75.64","75.64","132","132","132","71.13","71.13","71.13","132","132","132","77.94","77.94","77.94","132","132","132","82.5","82.5","82.5","132","132","132","80.5","80.5","80.5","132","132","132","81.04","81.04","81.04","132","132","132","77.96","77.96","77.96","132","132","132","78.71","78.71","78.71","132","132","132","79.57","79.57","79.57","132","132","132","81.9","81.9","81.9"
"67","134","134","134","76.82","76.82","76.82","134","134","134","77.2","77.2","77.2","134","134","134","79.3","79.3","79.3","134","134","134","82.16","82.16","82.16","134","134","134","75.64","75.64","75.64","134","134","134","71.13","71.13","71.13","134","134","134","77.94","77.94","77.94","134","134","134","82.5","82.5","82.5","134","134","134","80.5","80.5","80.5","134","134","134","81.08","81.08","81.08","134","134","134","77.96","77.96","77.96","134","134","134","79.44","79.44","79.44","134","134","134","79.57","79.57","79.57","134","134","134","81.9","81.9","81.9"
"68","136","136","136","76.82","76.82","76.82","136","136","136","77.2","77.2","77.2","136","136","136","79.3","79.3","79.3","136","136","136","82.16","82.16","82.16","136","136","136","75.64","75.64","75.64","136","136","136","71.13","71.13","71.13","136","136","136","77.94","77.94","77.94","136","136","136","82.5","82.5","82.5","136","136","136","80.5","80.5","80.5","136","136","136","81.08","81.08","81.08","136","136","136","77.96","77.96","77.96","136","136","136","79.44","79.44","79.44","136","136","136","79.57","79.57","79.57","136","136","136","81.9","81.9","81.9"
"69","138","138","138","76.82","76.82","76.82","138","138","138","77.2","77.2","77.2","138","138","138","79.3","79.3","79.3","138","138","138","82.16","82.16","82.16","138","138","138","75.64","75.64","75.64","138","138","138","71.31","71.31","71.31","138","138","138","77.94","77.94","77.94","138","138","138","82.5","82.5","82.5","138","138","138","80.5","80.5","80.5","138","138","138","81.08","81.08","81.08","138","138","138","77.96","77.96","77.96","138","138","138","79.44","79.44","79.44","138","138","138","79.57","79.57","79.57","138","138","138","81.9","81.9","81.9"
"70","140","140","140","76.82","76.82","76.82","140","140","140","77.2","77.2","77.2","140","140","140","79.62","79.62","79.62","140","140","140","82.19","82.19","82.19","140","140","140","75.64","75.64","75.64","140","140","140","75.19","75.19","75.19","140","140","140","77.94","77.94","77.94","140","140","140","82.5","82.5","82.5","140","140","140","80.5","80.5","80.5","140","140","140","81.08","81.08","81.08","140","140","140","77.96","77.96","77.96","140","140","140","79.44","79.44","79.44","140","140","140","79.38","79.38","79.38","140","140","140","81.9","81.9","81.9"
"71","142","142","142","76.69","76.69","76.69","142","142","142","77.2","77.2","77.2","142","142","142","80.23","80.23","80.23","142","142","142","82.19","82.19","82.19","142","142","142","75.64","75.64","75.64","142","142","142","75.19","75.19","75.19","142","142","142","77.94","77.94","77.94","142","142","142","82.5","82.5","82.5","142","142","142","80.5","80.5","80.5","142","142","142","81.08","81.08","81.08","142","142","142","77.96","77.96","77.96","142","142","142","79.65","79.65","79.65","142","142","142","79.53","79.53","79.53","142","142","142","81.9","81.9","81.9"
"72","144","144","144","76.69","76.69","76.69","144","144","144","78.11","78.11","78.11","144","144","144","80.23","80.23","80.23","144","144","144","82.19","82.19","82.19","144","144","144","75.64","75.64","75.64","144","144","144","75.19","75.19","75.19","144","144","144","77.94","77.94","77.94","144","144","144","82.5","82.5","82.5","144","144","144","80.5","80.5","80.5","144","144","144","81.08","81.08","81.08","144","144","144","77.96","77.96","77.96","144","144","144","79.65","79.65","79.65","144","144","144","79.53","79.53","79.53","144","144","144","81.9","81.9","81.9"
"73","146","146","146","76.69","76.69","76.69","146","146","146","78.11","78.11","78.11","146","146","146","80.23","80.23","80.23","146","146","146","82.19","82.19","82.19","146","146","146","75.64","75.64","75.64","146","146","146","75.19","75.19","75.19","146","146","146","77.94","77.94","77.94","146","146","146","82.5","82.5","82.5","146","146","146","80.5","80.5","80.5","146","146","146","81.08","81.08","81.08","146","146","146","77.96","77.96","77.96","146","146","146","79.65","79.65","79.65","146","146","146","79.53","79.53","79.53","146","146","146","81.9","81.9","81.9"
"74","148","148","148","76.69","76.69","76.69","148","148","148","78.11","78.11","78.11","148","148","148","81.11","81.11","81.11","148","148","148","81.77","81.77","81.77","148","148","148","75.64","75.64","75.64","148","148","148","75.19","75.19","75.19","148","148","148","77.94","77.94","77.94","148","148","148","82.43","82.43","82.43","148","148","148","80.5","80.5","80.5","148","148","148","81.08","81.08","81.08","148","148","148","77.96","77.96","77.96","148","148","148","79.65","79.65","79.65","148","148","148","80.59","80.59","80.59","148","148","148","82.31","82.31","82.31"
"75","150","150","150","76.69","76.69","76.69","150","150","150","78.11","78.11","78.11","150","150","150","81.11","81.11","81.11","150","150","150","82.78","82.78","82.78","150","150","150","75.64","75.64","75.64","150","150","150","76.12","76.12","76.12","150","150","150","78.26","78.26","78.26","150","150","150","82.43","82.43","82.43","150","150","150","80.5","80.5","80.5","150","150","150","81.08","81.08","81.08","150","150","150","77.96","77.96","77.96","150","150","150","79.65","79.65","79.65","150","150","150","80.59","80.59","80.59","150","150","150","82.31","82.31","82.31"
"76","152","152","152","76.69","76.69","76.69","152","152","152","78.11","78.11","78.11","152","152","152","81.11","81.11","81.11","152","152","152","82.78","82.78","82.78","152","152","152","75.64","75.64","75.64","152","152","152","76.12","76.12","76.12","152","152","152","80.46","80.46","80.46","152","152","152","82.51","82.51","82.51","152","152","152","80.5","80.5","80.5","152","152","152","81.08","81.08","81.08","152","152","152","77.96","77.96","77.96","152","152","152","79.65","79.65","79.65","152","152","152","80.59","80.59","80.59","152","152","152","83.11","83.11","83.11"
"77","154","154","154","76.69","76.69","76.69","154","154","154","78.11","78.11","78.11","154","154","154","81.11","81.11","81.11","154","154","154","82.78","82.78","82.78","154","154","154","75.64","75.64","75.64","154","154","154","76.12","76.12","76.12","154","154","154","80.46","80.46","80.46","154","154","154","82.51","82.51","82.51","154","154","154","80.5","80.5","80.5","154","154","154","81.51","81.51","81.51","154","154","154","77.96","77.96","77.96","154","154","154","79.65","79.65","79.65","154","154","154","80.49","80.49","80.49","154","154","154","83.11","83.11","83.11"
"78","156","156","156","76.69","76.69","76.69","156","156","156","78.11","78.11","78.11","156","156","156","81.11","81.11","81.11","156","156","156","82.78","82.78","82.78","156","156","156","75.64","75.64","75.64","156","156","156","76.12","76.12","76.12","156","156","156","80.46","80.46","80.46","156","156","156","82.51","82.51","82.51","156","156","156","80.5","80.5","80.5","156","156","156","81.51","81.51","81.51","156","156","156","77.96","77.96","77.96","156","156","156","79.65","79.65","79.65","156","156","156","80.49","80.49","80.49","156","156","156","83.11","83.11","83.11"
"79","158","158","158","76.69","76.69","76.69","158","158","158","78.11","78.11","78.11","158","158","158","81.11","81.11","81.11","158","158","158","82.78","82.78","82.78","158","158","158","75.64","75.64","75.64","158","158","158","76.12","76.12","76.12","158","158","158","80.46","80.46","80.46","158","158","158","82.51","82.51","82.51","158","158","158","80.5","80.5","80.5","158","158","158","81.51","81.51","81.51","158","158","158","77.96","77.96","77.96","158","158","158","79.65","79.65","79.65","158","158","158","80.16","80.16","80.16","158","158","158","83.11","83.11","83.11"
"80","160","160","160","76.69","76.69","76.69","160","160","160","78.11","78.11","78.11","160","160","160","81.11","81.11","81.11","160","160","160","82.78","82.78","82.78","160","160","160","75.64","75.64","75.64","160","160","160","76.12","76.12","76.12","160","160","160","80.46","80.46","80.46","160","160","160","82.92","82.92","82.92","160","160","160","80.5","80.5","80.5","160","160","160","81.51","81.51","81.51","160","160","160","78.35","78.35","78.35","160","160","160","80.59","80.59","80.59","160","160","160","80.16","80.16","80.16","160","160","160","83.11","83.11","83.11"
"81","162","162","162","76.69","76.69","76.69","162","162","162","78.11","78.11","78.11","162","162","162","81.11","81.11","81.11","162","162","162","82.78","82.78","82.78","162","162","162","75.64","75.64","75.64","162","162","162","76.12","76.12","76.12","162","162","162","80.46","80.46","80.46","162","162","162","82.92","82.92","82.92","162","162","162","80.5","80.5","80.5","162","162","162","81.51","81.51","81.51","162","162","162","78.35","78.35","78.35","162","162","162","80.67","80.67","80.67","162","162","162","80.16","80.16","80.16","162","162","162","83.11","83.11","83.11"
"82","164","164","164","76.69","76.69","76.69","164","164","164","78.11","78.11","78.11","164","164","164","81.11","81.11","81.11","164","164","164","82.78","82.78","82.78","164","164","164","75.64","75.64","75.64","164","164","164","76.12","76.12","76.12","164","164","164","80.46","80.46","80.46","164","164","164","82.92","82.92","82.92","164","164","164","80.5","80.5","80.5","164","164","164","81.51","81.51","81.51","164","164","164","78.35","78.35","78.35","164","164","164","80.67","80.67","80.67","164","164","164","80.16","80.16","80.16","164","164","164","83.11","83.11","83.11"
"83","166","166","166","76.69","76.69","76.69","166","166","166","78.11","78.11","78.11","166","166","166","81.11","81.11","81.11","166","166","166","82.78","82.78","82.78","166","166","166","76.05","76.05","76.05","166","166","166","76.12","76.12","76.12","166","166","166","80.46","80.46","80.46","166","166","166","82.92","82.92","82.92","166","166","166","80.5","80.5","80.5","166","166","166","81.51","81.51","81.51","166","166","166","78.35","78.35","78.35","166","166","166","80.67","80.67","80.67","166","166","166","80.16","80.16","80.16","166","166","166","83.11","83.11","83.11"
"84","168","168","168","76.69","76.69","76.69","168","168","168","78.11","78.11","78.11","168","168","168","81.11","81.11","81.11","168","168","168","82.78","82.78","82.78","168","168","168","76.05","76.05","76.05","168","168","168","76.12","76.12","76.12","168","168","168","80.46","80.46","80.46","168","168","168","82.92","82.92","82.92","168","168","168","80.5","80.5","80.5","168","168","168","81.51","81.51","81.51","168","168","168","78.35","78.35","78.35","168","168","168","80.67","80.67","80.67","168","168","168","80.16","80.16","80.16","168","168","168","83.11","83.11","83.11"
"85","170","170","170","76.69","76.69","76.69","170","170","170","78.11","78.11","78.11","170","170","170","81.11","81.11","81.11","170","170","170","82.78","82.78","82.78","170","170","170","76.05","76.05","76.05","170","170","170","76.12","76.12","76.12","170","170","170","80.46","80.46","80.46","170","170","170","82.25","82.25","82.25","170","170","170","80.5","80.5","80.5","170","170","170","81.95","81.95","81.95","170","170","170","78.35","78.35","78.35","170","170","170","80.67","80.67","80.67","170","170","170","80.16","80.16","80.16","170","170","170","83.11","83.11","83.11"
"86","172","172","172","76.69","76.69","76.69","172","172","172","78.11","78.11","78.11","172","172","172","81.11","81.11","81.11","172","172","172","82.78","82.78","82.78","172","172","172","76.05","76.05","76.05","172","172","172","76.12","76.12","76.12","172","172","172","80.46","80.46","80.46","172","172","172","82.25","82.25","82.25","172","172","172","80.5","80.5","80.5","172","172","172","81.95","81.95","81.95","172","172","172","78.35","78.35","78.35","172","172","172","80.67","80.67","80.67","172","172","172","80.16","80.16","80.16","172","172","172","83.11","83.11","83.11"
"87","174","174","174","76.69","76.69","76.69","174","174","174","78.56","78.56","78.56","174","174","174","81.11","81.11","81.11","174","174","174","82.78","82.78","82.78","174","174","174","76.04","76.04","76.04","174","174","174","76.12","76.12","76.12","174","174","174","80.46","80.46","80.46","174","174","174","82.25","82.25","82.25","174","174","174","80.5","80.5","80.5","174","174","174","83.01","83.01","83.01","174","174","174","78.35","78.35","78.35","174","174","174","80.67","80.67","80.67","174","174","174","80.16","80.16","80.16","174","174","174","83.11","83.11","83.11"
"88","176","176","176","76.69","76.69","76.69","176","176","176","78.56","78.56","78.56","176","176","176","81.11","81.11","81.11","176","176","176","82.78","82.78","82.78","176","176","176","76.04","76.04","76.04","176","176","176","76.12","76.12","76.12","176","176","176","80.46","80.46","80.46","176","176","176","82.25","82.25","82.25","176","176","176","80.5","80.5","80.5","176","176","176","83.01","83.01","83.01","176","176","176","78.35","78.35","78.35","176","176","176","80.67","80.67","80.67","176","176","176","80.16","80.16","80.16","176","176","176","83.11","83.11","83.11"
"89","178","178","178","76.69","76.69","76.69","178","178","178","78.56","78.56","78.56","178","178","178","82.32","82.32","82.32","178","178","178","82.78","82.78","82.78","178","178","178","76.04","76.04","76.04","178","178","178","76.12","76.12","76.12","178","178","178","80.46","80.46","80.46","178","178","178","82.25","82.25","82.25","178","178","178","80.5","80.5","80.5","178","178","178","83.01","83.01","83.01","178","178","178","78.35","78.35","78.35","178","178","178","80.67","80.67","80.67","178","178","178","80.16","80.16","80.16","178","178","178","83.11","83.11","83.11"
"90","180","180","180","78.03","78.03","78.03","180","180","180","78.56","78.56","78.56","180","180","180","82.32","82.32","82.32","180","180","180","82.78","82.78","82.78","180","180","180","76.04","76.04","76.04","180","180","180","76.12","76.12","76.12","180","180","180","80.46","80.46","80.46","180","180","180","82.25","82.25","82.25","180","180","180","80.5","80.5","80.5","180","180","180","83.01","83.01","83.01","180","180","180","78.35","78.35","78.35","180","180","180","80.67","80.67","80.67","180","180","180","80.16","80.16","80.16","180","180","180","82.51","82.51","82.51"
"91","182","182","182","78.03","78.03","78.03","182","182","182","78.56","78.56","78.56","182","182","182","82.32","82.32","82.32","182","182","182","82.91","82.91","82.91","182","182","182","76.04","76.04","76.04","182","182","182","75.75","75.75","75.75","182","182","182","80.46","80.46","80.46","182","182","182","83.27","83.27","83.27","182","182","182","80.5","80.5","80.5","182","182","182","83.01","83.01","83.01","182","182","182","78.35","78.35","78.35","182","182","182","80.67","80.67","80.67","182","182","182","80.16","80.16","80.16","182","182","182","82.51","82.51","82.51"
"92","184","184","184","78.03","78.03","78.03","184","184","184","78.56","78.56","78.56","184","184","184","82.32","82.32","82.32","184","184","184","82.91","82.91","82.91","184","184","184","76.04","76.04","76.04","184","184","184","75.75","75.75","75.75","184","184","184","80.46","80.46","80.46","184","184","184","82.64","82.64","82.64","184","184","184","80.5","80.5","80.5","184","184","184","83.01","83.01","83.01","184","184","184","78.35","78.35","78.35","184","184","184","80.67","80.67","80.67","184","184","184","80.16","80.16","80.16","184","184","184","82.51","82.51","82.51"
"93","186","186","186","78.03","78.03","78.03","186","186","186","79.16","79.16","79.16","186","186","186","82.32","82.32","82.32","186","186","186","82.91","82.91","82.91","186","186","186","76.83","76.83","76.83","186","186","186","75.75","75.75","75.75","186","186","186","80.46","80.46","80.46","186","186","186","82.64","82.64","82.64","186","186","186","80.5","80.5","80.5","186","186","186","83.01","83.01","83.01","186","186","186","78.35","78.35","78.35","186","186","186","80.67","80.67","80.67","186","186","186","80.16","80.16","80.16","186","186","186","82.56","82.56","82.56"
"94","188","188","188","78.03","78.03","78.03","188","188","188","79.16","79.16","79.16","188","188","188","82.32","82.32","82.32","188","188","188","82.7","82.7","82.7","188","188","188","76.83","76.83","76.83","188","188","188","75.75","75.75","75.75","188","188","188","80.46","80.46","80.46","188","188","188","82.64","82.64","82.64","188","188","188","80.5","80.5","80.5","188","188","188","83.01","83.01","83.01","188","188","188","78.35","78.35","78.35","188","188","188","80.67","80.67","80.67","188","188","188","80.16","80.16","80.16","188","188","188","82.56","82.56","82.56"
"95","190","190","190","78.03","78.03","78.03","190","190","190","79.16","79.16","79.16","190","190","190","82.32","82.32","82.32","190","190","190","83.07","83.07","83.07","190","190","190","76.83","76.83","76.83","190","190","190","75.75","75.75","75.75","190","190","190","80.46","80.46","80.46","190","190","190","82.64","82.64","82.64","190","190","190","80.88","80.88","80.88","190","190","190","83.01","83.01","83.01","190","190","190","78.35","78.35","78.35","190","190","190","80.67","80.67","80.67","190","190","190","80.16","80.16","80.16","190","190","190","82.56","82.56","82.56"
"96","192","192","192","78.03","78.03","78.03","192","192","192","79.16","79.16","79.16","192","192","192","82.32","82.32","82.32","192","192","192","83.07","83.07","83.07","192","192","192","76.83","76.83","76.83","192","192","192","75.75","75.75","75.75","192","192","192","80.46","80.46","80.46","192","192","192","82.64","82.64","82.64","192","192","192","80.88","80.88","80.88","192","192","192","83.01","83.01","83.01","192","192","192","78.35","78.35","78.35","192","192","192","80.67","80.67","80.67","192","192","192","80.16","80.16","80.16","192","192","192","82.56","82.56","82.56"
"97","194","194","194","78.03","78.03","78.03","194","194","194","79.16","79.16","79.16","194","194","194","82.32","82.32","82.32","194","194","194","83.07","83.07","83.07","194","194","194","78.07","78.07","78.07","194","194","194","75.75","75.75","75.75","194","194","194","80.46","80.46","80.46","194","194","194","82.64","82.64","82.64","194","194","194","80.88","80.88","80.88","194","194","194","83.01","83.01","83.01","194","194","194","78.35","78.35","78.35","194","194","194","80.67","80.67","80.67","194","194","194","80.31","80.31","80.31","194","194","194","83.26","83.26","83.26"
"98","196","196","196","78.03","78.03","78.03","196","196","196","79.16","79.16","79.16","196","196","196","82.32","82.32","82.32","196","196","196","83.07","83.07","83.07","196","196","196","78.07","78.07","78.07","196","196","196","75.75","75.75","75.75","196","196","196","80.46","80.46","80.46","196","196","196","82.64","82.64","82.64","196","196","196","80.88","80.88","80.88","196","196","196","83.01","83.01","83.01","196","196","196","78.35","78.35","78.35","196","196","196","80.67","80.67","80.67","196","196","196","80.31","80.31","80.31","196","196","196","83.26","83.26","83.26"
"99","198","198","198","78.03","78.03","78.03","198","198","198","79.16","79.16","79.16","198","198","198","82.32","82.32","82.32","198","198","198","83.07","83.07","83.07","198","198","198","78.07","78.07","78.07","198","198","198","75.75","75.75","75.75","198","198","198","79.49","79.49","79.49","198","198","198","82.89","82.89","82.89","198","198","198","80.88","80.88","80.88","198","198","198","83.01","83.01","83.01","198","198","198","79.28","79.28","79.28","198","198","198","80.67","80.67","80.67","198","198","198","80.31","80.31","80.31","198","198","198","83.26","83.26","83.26"
"100","200","200","200","78.03","78.03","78.03","200","200","200","79.16","79.16","79.16","200","200","200","82.32","82.32","82.32","200","200","200","83.07","83.07","83.07","200","200","200","78.07","78.07","78.07","200","200","200","75.75","75.75","75.75","200","200","200","79.73","79.73","79.73","200","200","200","82.89","82.89","82.89","200","200","200","80.88","80.88","80.88","200","200","200","83.01","83.01","83.01","200","200","200","79.28","79.28","79.28","200","200","200","80.67","80.67","80.67","200","200","200","80.31","80.31","80.31","200","200","200","83.26","83.26","83.26"